# load pdb file and remove ACE2 chain, PDB:8WE1
#remove chain A

#set grey,surface, hide sticks,set orient (using UI)
#load BF7 RBD.pse (using UI)

# label A region
set_color A, [0.2, 0.47, 0.25]
select eA, resi 455+460+403+417+456+453+493+505+504+444
alter resi 455, b = 8.77
alter resi 460, b = 5.88
alter resi 403, b = 4.6
alter resi 417, b = 4.5
alter resi 456, b = 4.47
alter resi 453, b = 3.85
alter resi 493, b = 3.84
alter resi 505, b = 2.58
alter resi 504, b = 2.49
alter resi 444, b = 2.21

spectrum b, white A, eA, minimum=2, maximum=6
set ray_opaque_background, off
ray 2000,1500
png ./DMS/figures/FigS4.pymol/A_1
rotate y, 180
set ray_opaque_background, off
ray 2000,1500
png ./DMS/figures/FigS4.pymol/A_2
save ./DMS/figures/FigS4.pymol/A.pse

select eA, resi 455

# label B region
set_color B, [0.8, 0.31, 0.24]
select eB, resi 478+483+481+486+484+479+485+444
alter resi 478, b = 14.43
alter resi 483, b = 6.88
alter resi 481, b = 6.36
alter resi 486, b = 5.81
alter resi 484, b = 5.67
alter resi 479, b = 5.51
alter resi 485, b = 4.38
alter resi 444, b = 2.07

spectrum b, white B, eB, minimum=2, maximum=6
rotate y, 180
set ray_opaque_background, off
ray 2000,1500
png ./DMS/figures/FigS4.pymol/B_1
rotate y, 180
set ray_opaque_background, off
ray 2000,1500
png ./DMS/figures/FigS4.pymol/B_2
save ./DMS/figures/FigS4.pymol/B.pse

select eB, resi 478

# label C region
set_color C, [1, 0.87, 0.2]
select eC, resi 490+449+452+483+484+481+494+472+462
alter resi 490, b = 13.99
alter resi 449, b = 12.80
alter resi 452, b = 12.69
alter resi 483, b = 9.20
alter resi 484, b = 7.91
alter resi 481, b = 7.69
alter resi 494, b = 6.09
alter resi 472, b = 3.22
alter resi 462, b = 2.15

spectrum b,white C, eC, minimum=2, maximum=6
rotate y, 180
rotate y, 180
set ray_opaque_background, off
ray 2000,1500
png ./DMS/figures/FigS4.pymol/C_1
rotate y, 180
set ray_opaque_background, off
ray 2000,1500
png ./DMS/figures/FigS4.pymol/C_2
save ./DMS/figures/FigS4.pymol/C.pse

select eC, resi 490

# label D1 region
set_color D1, [0.31, 0.87, 0.64]
select eD1, resi 444+346+445+446+440+448+499
alter resi 444, b = 13.04
alter resi 346, b = 10.26
alter resi 445, b = 10.12
alter resi 446, b = 6.87
alter resi 440, b = 5.89
alter resi 448, b = 3.52
alter resi 499, b = 2.73

spectrum b,white D1, eD1, minimum=2, maximum=6
rotate y, 180
rotate y, 180
set ray_opaque_background, off
ray 2000,1500
png ./DMS/figures/FigS4.pymol/D1_1
rotate y, 180
set ray_opaque_background, off
ray 2000,1500
png ./DMS/figures/FigS4.pymol/D1_2
save ./DMS/figures/FigS4.pymol/D1.pse

select eD1, resi 444

# label D2 region
set_color D2, [0.29, 0.67, 0.19]
select eD2, resi 445+446+444+440+449+499+441+448+498+452

alter resi 445, b = 12.65
alter resi 446, b = 9.82
alter resi 444, b = 9.65
alter resi 440, b = 7.47
alter resi 449, b = 4.20
alter resi 499, b = 3.26
alter resi 441, b = 2.68
alter resi 448, b = 2.50
alter resi 498, b = 2.46
alter resi 452, b = 2.32

spectrum b,white D2, eD2, minimum=2, maximum=6
rotate y, 180
rotate y, 180
set ray_opaque_background, off
ray 2000,1500
png ./DMS/figures/FigS4.pymol/D2_1
rotate y, 180
set ray_opaque_background, off
ray 2000,1500
png ./DMS/figures/FigS4.pymol/D2_2
save ./DMS/figures/FigS4.pymol/D2.pse

select eD2, resi 445

# label E2 region
set_color E2, [0.67, 0.21, 0.31]
select eE2, resi 468+357+356+352+346+490+354+470+444+445

alter resi 468, b = 8.06
alter resi 357, b = 6.46
alter resi 356, b = 5.03
alter resi 352, b = 4.17
alter resi 346, b = 3.61
alter resi 490, b = 3.4
alter resi 354, b = 3.23
alter resi 470, b = 2.3
alter resi 444, b = 2.29
alter resi 445, b = 2.17

spectrum b,white E2, eE2, minimum=2, maximum=6
rotate y, 180
rotate y, 180
set ray_opaque_background, off
ray 2000,1500
png ./DMS/figures/FigS4.pymol/E2_1
rotate y, 180
set ray_opaque_background, off
ray 2000,1500
png ./DMS/figures/FigS4.pymol/E2_2
save ./DMS/figures/FigS4.pymol/E2.pse

select eE2, resi 468

# label E3 region
set_color E3, [0.36, 0.1, 0.08]
select eE3, resi 462+518+357+516+396+427+394+428+459+445

alter resi 462, b = 7.54
alter resi 518, b = 4.45
alter resi 357, b = 3.96
alter resi 516, b = 3.65
alter resi 396, b = 3.48
alter resi 427, b = 3.43
alter resi 394, b = 3.09
alter resi 428, b = 2.82
alter resi 459, b = 2.79
alter resi 445, b = 2.51

spectrum b,white E3, eE3, minimum=2, maximum=6
rotate y, 180
rotate y, 180
set ray_opaque_background, off
ray 2000,1500
png ./DMS/figures/FigS4.pymol/E3_1
rotate y, 180
set ray_opaque_background, off
ray 2000,1500
png ./DMS/figures/FigS4.pymol/E3_2
save ./DMS/figures/FigS4.pymol/E3.pse

select eE3, resi 462

# label F1 region
set_color F1, [0.77, 0.56, 0.31]
select eF1, resi 384+383+385+386+381+413+444

alter resi 384, b = 6.99
alter resi 383, b = 6.92
alter resi 385, b = 6.53
alter resi 386, b = 3.87
alter resi 381, b = 3.02
alter resi 413, b = 2.59
alter resi 444, b = 2.35

spectrum b,white F1, eF1, minimum=2, maximum=6
rotate y, 180
rotate y, 180
set ray_opaque_background, off
ray 2000,1500
png ./DMS/figures/FigS4.pymol/F1_1
rotate y, 180
set ray_opaque_background, off
ray 2000,1500
png ./DMS/figures/FigS4.pymol/F1_2
save ./DMS/figures/FigS4.pymol/F1.pse

select eF1, resi 383

# label F2 region
set_color F2, [0.2, 0.31, 0.6]
select eF2, resi 374+384+377+369+383+376+378+371+373+385

alter resi 374, b = 10.69
alter resi 384, b = 8.98
alter resi 377, b = 8.15
alter resi 369, b = 6.91
alter resi 383, b = 5.6
alter resi 376, b = 5.19
alter resi 378, b = 4.24
alter resi 371, b = 3.59
alter resi 373, b = 2.94
alter resi 385, b = 2.79

spectrum b,white F2, eF2, minimum=2, maximum=6
rotate y, 180
rotate y, 180
set ray_opaque_background, off
ray 2000,1500
png ./DMS/figures/FigS4.pymol/F2_1
rotate y, 180
set ray_opaque_background, off
ray 2000,1500
png ./DMS/figures/FigS4.pymol/F2_2
save ./DMS/figures/FigS4.pymol/F2.pse

select eF2, resi 374

# label F3 region
set_color F3, [0.54, 0.64, 0.78]
select eF3, resi 504+405+505+503+444+508+403+462+440

alter resi 504, b = 11.88
alter resi 405, b = 5.56
alter resi 505, b = 5.42
alter resi 503, b = 4.27
alter resi 444, b = 2.79
alter resi 508, b = 2.66
alter resi 403, b = 2.52
alter resi 462, b = 2.38
alter resi 440, b = 2.3

spectrum b,white F3, eF3, minimum=2, maximum=6
rotate y, 180
rotate y, 180
set ray_opaque_background, off
ray 2000,1500
png ./DMS/figures/Fig4E.pymol/F3_1
rotate y, 180
set ray_opaque_background, off
ray 2000,1500
png ./DMS/figures/FigS4.pymol/F3_2
save ./DMS/figures/FigS4.pymol/F3.pse

select eF3, resi 504


